Name,Status,Date,Country,"Journalist or Media Worker",Motive,"Type of Death","cpj.org URL"
"Abdallah Alwan",Killed,"December 18, 2023","Israel and the Occupied Palestinian Territory","Holy Quran Radio,Midan,Mugtama,Al-Jazeera",Confirmed,"Dangerous Assignment",https://cpj.org/data/people/abdallah-alwan/
"Abdallah Iyad Breis",Killed,"January 8, 2024","Israel and the Occupied Palestinian Territory","Rawafed educational channel",Confirmed,"Dangerous Assignment",https://cpj.org/data/people/abdallah-iyad-breis/
"Abdel Rahman al-Tanani",Killed,"November 18, 2023","Israel and the Occupied Palestinian Territory",Freelance,Confirmed,"Dangerous Assignment",https://cpj.org/data/people/abdel-rahman-al-tanani/
"Abdelhalim Awad",Killed,"November 18, 2023","Israel and the Occupied Palestinian Territory","Al-Aqsa TV",Confirmed,,https://cpj.org/data/people/abdelhalim-awad/
"Abdul Rahman Bahr",Killed,"October 5, 2024","Israel and the Occupied Palestinian Territory","Palestine Breaking News",Confirmed,"Dangerous Assignment",https://cpj.org/data/people/abdul-rahman-bahr/
"Abdul Rahman Saima",Killed,"March 14, 2024","Israel and the Occupied Palestinian Territory","Raqami TV",Confirmed,"Dangerous Assignment",https://cpj.org/data/people/abdul-rahman-saima/
"Abdulhadi Habib",Killed,"October 16, 2023","Israel and the Occupied Palestinian Territory","Al-Manara News Agency,HQ media",Confirmed,"Dangerous Assignment",https://cpj.org/data/people/abdulhadi-habib/
"Abdullah Darwish",Killed,"December 1, 2023","Israel and the Occupied Palestinian Territory","Al Aqsa TV",Confirmed,"Dangerous Assignment",https://cpj.org/data/people/abdullah-darwish/
"Adel Zorob",Killed,"December 19, 2023","Israel and the Occupied Palestinian Territory",Freelance,Confirmed,"Dangerous Assignment",https://cpj.org/data/people/adel-zorob/
"Adham Hassouna",Killed,"December 1, 2023","Israel and the Occupied Palestinian Territory",Freelance,Confirmed,"Dangerous Assignment",https://cpj.org/data/people/adham-hassouna/
"Ahmad Jamal al Madhoun",Killed,"December 24, 2023","Israel and the Occupied Palestinian Territory",Al-Rai,Confirmed,"Dangerous Assignment",https://cpj.org/data/people/ahmad-jamal-al-madhoun/
"Ahmad Qalaja",Killed,"June 6, 2025","Israel and the Occupied Palestinian Territory",Freelance,Confirmed,Murder,https://cpj.org/data/people/ahmad-qalaja/
"Ahmed Abu Al-Rous",Killed,"January 15, 2025","Israel and the Occupied Palestinian Territory","Fourth Estate",Confirmed,"Dangerous Assignment",https://cpj.org/data/people/ahmed-abu-al-rous/
"Ahmed Abu Aziz",Killed,"August 25, 2025","Israel and the Occupied Palestinian Territory",Freelance,Confirmed,Unknown,https://cpj.org/data/people/ahmed-abu-aziz/
"Ahmed Abu Mhadi",Killed,"October 25, 2023","Israel and the Occupied Palestinian Territory","Al-Aqsa TV",Confirmed,"Dangerous Assignment",https://cpj.org/data/people/ahmed-abu-mhadi/
"Ahmed Abu Sharia",Killed,"November 19, 2024","Israel and the Occupied Palestinian Territory",Freelance,Confirmed,"Dangerous Assignment",https://cpj.org/data/people/ahmed-abu-sharia/
"Ahmed Abu Skheil",Killed,"November 9, 2024","Israel and the Occupied Palestinian Territory",Freelance,Confirmed,"Dangerous Assignment",https://cpj.org/data/people/ahmed-abu-skheil/
"Ahmed Al Shayyah",Killed,"January 15, 2025","Israel and the Occupied Palestinian Territory",Freelance,Confirmed,"Dangerous Assignment",https://cpj.org/data/people/ahmed-al-shayyah/
"Ahmed Al-Helou",Killed,"May 15, 2025","Israel and the Occupied Palestinian Territory","Quds News Network",Confirmed,"Dangerous Assignment",https://cpj.org/data/people/ahmed-al-helou/
"Ahmed Al-Louh",Killed,"December 15, 2024","Israel and the Occupied Palestinian Territory",Freelance,Confirmed,"Dangerous Assignment",https://cpj.org/data/people/ahmed-al-louh/
"Ahmed Al-Qara",Killed,"November 10, 2023","Israel and the Occupied Palestinian Territory",Freelance,Confirmed,"Dangerous Assignment",https://cpj.org/data/people/ahmed-al-qara/
"Ahmed Bdeir",Killed,"January 10, 2024","Israel and the Occupied Palestinian Territory","Bawabat al-Hadaf",Confirmed,"Dangerous Assignment",https://cpj.org/data/people/ahmed-bdeir/
"Ahmed Khaireddine",Killed,"December 28, 2023","Israel and the Occupied Palestinian Territory","Al-Quds Al-Youm TV",Confirmed,"Dangerous Assignment",https://cpj.org/data/people/ahmed-khaireddine/
"Ahmed Mansour",Killed,"April 7, 2025","Israel and the Occupied Palestinian Territory","Palestine Today",Confirmed,Murder,https://cpj.org/data/people/ahmed-mansour/
"Ahmed Shehab",Killed,"October 12, 2023","Israel and the Occupied Palestinian Territory","Sowt Al-Asra Radio (Radio Voice of the Prisoners)",Confirmed,"Dangerous Assignment",https://cpj.org/data/people/ahmed-shehab/
"Akram ElShafie",Killed,"January 5, 2024","Israel and the Occupied Palestinian Territory",Safa,Confirmed,"Dangerous Assignment",https://cpj.org/data/people/akram-elshafie/
"Alaa Al-Hams",Killed,"February 12, 2024","Israel and the Occupied Palestinian Territory",SND,Confirmed,"Dangerous Assignment",https://cpj.org/data/people/alaa-al-hams/
"AlHassan Hamad",Killed,"October 6, 2024","Israel and the Occupied Palestinian Territory","Freelance, Al Jazeera, Media Town TV",Confirmed,"Dangerous Assignment",https://cpj.org/data/people/alhassan-hamad/
"Amal Zohud",Killed,"November 18, 2023","Israel and the Occupied Palestinian Territory",Freelance,Confirmed,"Dangerous Assignment",https://cpj.org/data/people/amal-zohud/
"Amjad Juhjouh",Killed,"July 6, 2024","Israel and the Occupied Palestinian Territory",Freelance,Confirmed,"Dangerous Assignment",https://cpj.org/data/people/amjad-juhjouh/
"Amr Abu Odeh",Killed,"October 31, 2024","Israel and the Occupied Palestinian Territory",Freelance,Confirmed,"Dangerous Assignment",https://cpj.org/data/people/amr-abu-odeh/
"Amro Salah Abu Hayah",Killed,"November 18, 2023","Israel and the Occupied Palestinian Territory","Al Aqsa TV",Confirmed,,https://cpj.org/data/people/amro-salah-abu-hayah/
"Anas al-Sharif",Killed,"August 10, 2025","Israel and the Occupied Palestinian Territory","Al Jazeera",Confirmed,Murder,https://cpj.org/data/people/anas-al-sharif/
"Angam Ahmad Edwan",Killed,"February 12, 2024","Israel and the Occupied Palestinian Territory",February,Confirmed,"Dangerous Assignment",https://cpj.org/data/people/angam-ahmad-edwan/
"Areej Shaheen",Killed,"January 3, 2025","Israel and the Occupied Palestinian Territory",Freelance,Confirmed,"Dangerous Assignment",https://cpj.org/data/people/areej-shaheen/
"Assem Al-Barsh",Killed,"November 22, 2023","Israel and the Occupied Palestinian Territory",Al-Rai,Confirmed,,https://cpj.org/data/people/assem-al-barsh/
"Assem Kamal Moussa",Killed,"December 17, 2023","Israel and the Occupied Palestinian Territory","Palestine Now",Confirmed,"Dangerous Assignment",https://cpj.org/data/people/assem-kamal-moussa/
"Ayat Khadoura",Killed,"November 20, 2023","Israel and the Occupied Palestinian Territory",Freelance,Confirmed,"Dangerous Assignment",https://cpj.org/data/people/ayat-khadoura/
"Ayman Al Gedi",Killed,"December 26, 2024","Israel and the Occupied Palestinian Territory","Al-Quds Al-Youm",Confirmed,Murder,https://cpj.org/data/people/ayman-al-gedi/
"Ayman Al-Gharbawi",Killed,"April 26, 2024","Israel and the Occupied Palestinian Territory",Freelance,Confirmed,"Dangerous Assignment",https://cpj.org/data/people/ayman-al-gharbawi/
"Ayman Al-Rafati",Killed,"February 14, 2024","Israel and the Occupied Palestinian Territory","Al Mayadeen",Confirmed,"Dangerous Assignment",https://cpj.org/data/people/ayman-al-rafati/
"Ayman Haniyeh",Killed,"September 2, 2025","Israel and the Occupied Palestinian Territory","Al-Manara Television Production Company",Confirmed,"Dangerous Assignment",https://cpj.org/data/people/ayman-haniyeh/
"Bahaaddine Yassine",Killed,"May 10, 2024","Israel and the Occupied Palestinian Territory","Watan Media Agency, Al-Quds News Network",Confirmed,"Dangerous Assignment",https://cpj.org/data/people/bahaaddine-yassine/
"Bilal Jadallah",Killed,"November 19, 2023","Israel and the Occupied Palestinian Territory","Press House-Palestine",Confirmed,"Dangerous Assignment",https://cpj.org/data/people/bilal-jadallah/
"Bilal Rajab",Killed,"November 1, 2024","Israel and the Occupied Palestinian Territory","Al-Quds Al-Youm",Confirmed,"Dangerous Assignment",https://cpj.org/data/people/bilal-rajab/
"Duaa Jabbour",Killed,"December 9, 2023","Israel and the Occupied Palestinian Territory",Freelance,Confirmed,"Dangerous Assignment",https://cpj.org/data/people/duaa-jabbour/
"Duaa Sharaf",Killed,"October 26, 2023","Israel and the Occupied Palestinian Territory","Radio Al-Aqsa",Confirmed,"Dangerous Assignment",https://cpj.org/data/people/duaa-sharaf/
"Fadi Hassouna",Killed,"December 26, 2024","Israel and the Occupied Palestinian Territory","Al-Quds Al-Youm",Confirmed,Murder,https://cpj.org/data/people/fadi-hassouna/
"Faisal Abu Al Qumsan",Killed,"December 26, 2024","Israel and the Occupied Palestinian Territory","Al-Quds Al-Youm",Confirmed,Murder,https://cpj.org/data/people/faisal-abu-al-qumsan/
"Fatma Hassona",Killed,"April 16, 2025","Israel and the Occupied Palestinian Territory",Freelance,Confirmed,"Dangerous Assignment",https://cpj.org/data/people/fatma-hassona/
"Hamada Al-Yaziji",Killed,"December 3, 2023","Israel and the Occupied Palestinian Territory","Kanaan News Agency, Al-Quds Radio",Confirmed,"Dangerous Assignment",https://cpj.org/data/people/hamada-al-yaziji/
"Hamza Al Dahdouh",Killed,"January 7, 2024","Israel and the Occupied Palestinian Territory",Al-Jazeera,Confirmed,Murder,https://cpj.org/data/people/hamza-al-dahdouh/
"Hamza Murtaja",Killed,"August 20, 2024","Israel and the Occupied Palestinian Territory","Record Media",Confirmed,"Dangerous Assignment",https://cpj.org/data/people/hamza-murtaja/
"Haneen Baroud",Killed,"October 27, 2024","Israel and the Occupied Palestinian Territory","Al Majedat Media Network",Confirmed,"Dangerous Assignment",https://cpj.org/data/people/haneen-baroud/
"Haneen Kashtan",Killed,"December 17, 2023","Israel and the Occupied Palestinian Territory","TV Al-Kofiya,Baladna Web TV",Confirmed,"Dangerous Assignment",https://cpj.org/data/people/haneen-kashtan/
"Hassan Abu Warda",Killed,"May 25, 2025","Israel and the Occupied Palestinian Territory","Barq Gaza",Confirmed,"Dangerous Assignment",https://cpj.org/data/people/hassan-abu-warda/
"Hassan Al-Qishawi",Killed,"January 2, 2025","Israel and the Occupied Palestinian Territory",Freelance,Confirmed,"Dangerous Assignment",https://cpj.org/data/people/hassan-al-qishawi/
"Hassan Farajallah",Killed,"December 3, 2023","Israel and the Occupied Palestinian Territory","Al Quds TV",Confirmed,,https://cpj.org/data/people/hassan-farajallah/
"Hassan Samour",Killed,"May 15, 2025","Israel and the Occupied Palestinian Territory","Al Aqsa Voice Radio",Confirmed,"Dangerous Assignment",https://cpj.org/data/people/hassan-samour/
"Hassouneh Salim",Killed,"November 18, 2023","Israel and the Occupied Palestinian Territory",Freelance,Confirmed,"Dangerous Assignment",https://cpj.org/data/people/hassouneh-salim/
"Heba Al-Abadla",Killed,"January 9, 2024","Israel and the Occupied Palestinian Territory","Al-Azhar Radio",Confirmed,"Dangerous Assignment",https://cpj.org/data/people/heba-al-abadla/
"Hilmi al-Faqaawi",Killed,"April 7, 2025","Israel and the Occupied Palestinian Territory","Palestine Today TV",Confirmed,Murder,https://cpj.org/data/people/hilmi-al-faqaawi/
"Hisham Alnwajha",Killed,"October 9, 2023","Israel and the Occupied Palestinian Territory","“Khabar” News Agency",Confirmed,"Dangerous Assignment",https://cpj.org/data/people/hisham-alnwajha/
"Hossam Shabat",Killed,"March 24, 2025","Israel and the Occupied Palestinian Territory",Freelance,Confirmed,Murder,https://cpj.org/data/people/hossam-shabat/
"Husam Mubarak",Killed,"October 13, 2023","Israel and the Occupied Palestinian Territory","Al-Aqsa Voice Radio",Confirmed,"Dangerous Assignment",https://cpj.org/data/people/husam-mubarak/
"Hussam al-Dabbaka",Killed,"August 22, 2024","Israel and the Occupied Palestinian Territory","Freelance, Al Quds Al-Youm",Confirmed,"Dangerous Assignment",https://cpj.org/data/people/hussam-al-dabbaka/
"Hussam Al-Masri",Killed,"August 25, 2025","Israel and the Occupied Palestinian Territory",Reuters,Confirmed,Unknown,https://cpj.org/data/people/hussam-al-masri/
"Ibrahim Al-Gharbawi",Killed,"April 26, 2024","Israel and the Occupied Palestinian Territory",Freelance,Confirmed,"Dangerous Assignment",https://cpj.org/data/people/ibrahim-al-gharbawi/
"Ibrahim Marzouq",Killed,"October 24, 2023","Israel and the Occupied Palestinian Territory","Palestine Today TV",Confirmed,,https://cpj.org/data/people/ibrahim-marzouq/
"Ibrahim Mohammad Lafi",Killed,"October 7, 2023","Israel and the Occupied Palestinian Territory","Ain Media",Confirmed,"Dangerous Assignment",https://cpj.org/data/people/ibrahim-mohammad-lafi/
"Ibrahim Muhareb",Killed,"August 18, 2024","Israel and the Occupied Palestinian Territory",Freelance,Confirmed,"Dangerous Assignment",https://cpj.org/data/people/ibrahim-muhareb/
"Ibrahim Sheikh Ali",Killed,"December 26, 2024","Israel and the Occupied Palestinian Territory","Al-Quds Al-Youm TV",Confirmed,,https://cpj.org/data/people/ibrahim-sheikh-ali/
"Ibrahim Zaher",Killed,"August 10, 2025","Israel and the Occupied Palestinian Territory","Al Jazeera",Confirmed,Murder,https://cpj.org/data/people/ibrahim-zaher/
"Imad Al-Wahidi",Killed,"October 31, 2023","Israel and the Occupied Palestinian Territory","Palestine TV",Confirmed,,https://cpj.org/data/people/imad-al-wahidi/
"Iman Al Shanti",Killed,"December 11, 2024","Israel and the Occupied Palestinian Territory",Freelance,Confirmed,"Dangerous Assignment",https://cpj.org/data/people/iman-al-shanti/
"Islam Abed",Killed,"August 31, 2025","Israel and the Occupied Palestinian Territory","Al Quds Today TV",Confirmed,"Dangerous Assignment",https://cpj.org/data/people/islam-abed/
"Ismail Abu Hatab",Killed,"June 30, 2025","Israel and the Occupied Palestinian Territory",Freelance,Confirmed,"Dangerous Assignment",https://cpj.org/data/people/ismail-abu-hatab/
"Ismail Al Ghoul",Killed,"July 31, 2024","Israel and the Occupied Palestinian Territory","Al Jazeera Arabic",Confirmed,Murder,https://cpj.org/data/people/ismail-al-ghoul/
"Ismail Baddah",Killed,"June 5, 2025","Israel and the Occupied Palestinian Territory","Palestine Today TV",Confirmed,Murder,https://cpj.org/data/people/ismail-baddah/
"Issam Bhar",Killed,"October 17, 2023","Israel and the Occupied Palestinian Territory","Al-Aqsa TV",Confirmed,"Dangerous Assignment",https://cpj.org/data/people/issam-bhar/
"Iyad El-Ruwagh",Killed,"January 25, 2024","Israel and the Occupied Palestinian Territory","Al-Aqsa Voice Radio",Confirmed,"Dangerous Assignment",https://cpj.org/data/people/iyad-el-ruwagh/
"Iyad Matar",Killed,"November 1, 2023","Israel and the Occupied Palestinian Territory","Al-Aqsa TV",Confirmed,"Dangerous Assignment",https://cpj.org/data/people/iyad-matar/
"Jabr Abu Hadrous",Killed,"December 29, 2023","Israel and the Occupied Palestinian Territory","Al-Quds Al-Youm",Confirmed,"Dangerous Assignment",https://cpj.org/data/people/jabr-abu-hadrous/
"Jamal Al-Faqaawi",Killed,"October 25, 2023","Israel and the Occupied Palestinian Territory","Mithaq Media Foundation",Confirmed,"Dangerous Assignment",https://cpj.org/data/people/jamal-al-faqaawi/
"Jamal Mohamed Haniyeh",Killed,"November 21, 2023","Israel and the Occupied Palestinian Territory",Amwaj,Confirmed,"Dangerous Assignment",https://cpj.org/data/people/jamal-mohamed-haniyeh/
"Khalil Abu Aathra",Killed,"October 19, 2023","Israel and the Occupied Palestinian Territory","Al-Aqsa TV",Confirmed,"Dangerous Assignment",https://cpj.org/data/people/khalil-abu-aathra/
"Mahdi Al-Mamluk",Killed,"November 11, 2024","Israel and the Occupied Palestinian Territory","Al-Quds Al-Youm TV",Confirmed,,https://cpj.org/data/people/mahdi-al-mamluk/
"Mahmoud Islim Al-Basos",Killed,"March 15, 2025","Israel and the Occupied Palestinian Territory",Freelance,Confirmed,Murder,https://cpj.org/data/people/mahmoud-islim-al-basos/
"Mahmoud Juhjouh",Killed,"May 16, 2024","Israel and the Occupied Palestinian Territory","Palestine Post",Confirmed,"Dangerous Assignment",https://cpj.org/data/people/mahmoud-juhjouh/
"Maisara Ahmed Salah",Killed,"November 30, 2024","Israel and the Occupied Palestinian Territory",Freelance,Confirmed,"Dangerous Assignment",https://cpj.org/data/people/maisara-ahmed-salah/
"Majd Fadl Arandas",Killed,"November 1, 2023","Israel and the Occupied Palestinian Territory",Al-Jamaheer,Confirmed,"Dangerous Assignment",https://cpj.org/data/people/majd-fadl-arandas/
"Majed Kashko",Killed,"October 31, 2023","Israel and the Occupied Palestinian Territory","Palestine TV",Confirmed,,https://cpj.org/data/people/majed-kashko/
"Mamdouh Qanita",Killed,"November 30, 2024","Israel and the Occupied Palestinian Territory","Al-Aqsa TV",Confirmed,"Dangerous Assignment",https://cpj.org/data/people/mamdouh-qanita/
"Mariam Abu Dagga",Killed,"August 25, 2025","Israel and the Occupied Palestinian Territory",Freelance,Confirmed,Unknown,https://cpj.org/data/people/mariam-abu-dagga/
"Marwan Al Sawaf",Killed,"December 1, 2023","Israel and the Occupied Palestinian Territory","Alef Multimedia",Confirmed,"Dangerous Assignment",https://cpj.org/data/people/marwan-al-sawaf/
"Moamen Abu AlOuf",Killed,"June 9, 2025","Israel and the Occupied Palestinian Territory",Freelance,Confirmed,"Dangerous Assignment",https://cpj.org/data/people/moamen-abu-alouf/
"Moamen Aliwa",Killed,"August 10, 2025","Israel and the Occupied Palestinian Territory",Freelance,Confirmed,Murder,https://cpj.org/data/people/moamen-aliwa/
"Moaz Abu Taha",Killed,"August 25, 2025","Israel and the Occupied Palestinian Territory",Freelance,Confirmed,Unknown,https://cpj.org/data/people/moaz-abu-taha/
"Mohamad Al-Bayyari",Killed,"November 2, 2023","Israel and the Occupied Palestinian Territory","Al-Aqsa TV",Confirmed,"Dangerous Assignment",https://cpj.org/data/people/mohamad-al-bayyari/
"Mohamad Al-Iff",Killed,"December 24, 2023","Israel and the Occupied Palestinian Territory",Al-Rai,Confirmed,"Dangerous Assignment",https://cpj.org/data/people/mohamad-al-iff/
"Mohamed Abu Hassira",Killed,"November 7, 2023","Israel and the Occupied Palestinian Territory",WAFA,Confirmed,"Dangerous Assignment",https://cpj.org/data/people/mohamed-abu-hassira/
"Mohamed Adel Abu Skheil",Killed,"March 28, 2024","Israel and the Occupied Palestinian Territory","Al-Aqsa Voice Radio, Shams News Agency",Confirmed,,https://cpj.org/data/people/mohamed-abu-skheil/
"Mohamed Azzaytouniyah",Killed,"December 24, 2023","Israel and the Occupied Palestinian Territory",Al-Rai,Confirmed,,https://cpj.org/data/people/mohamed-azzaytouniyah/
"Mohamed El Sayed Abu Skheil",Killed,"March 18, 2024","Israel and the Occupied Palestinian Territory","Al-Quds Radio",Confirmed,"Dangerous Assignment",https://cpj.org/data/people/mohamed-el-sayed-abu-skheil/
"Mohamed El-Reefi",Killed,"March 15, 2024","Israel and the Occupied Palestinian Territory",Freelance,Confirmed,"Dangerous Assignment",https://cpj.org/data/people/mohamed-el-reefi/
"Mohamed Jamal Sobhi Al-Thalathini",Killed,"January 11, 2024","Israel and the Occupied Palestinian Territory","Al-Quds Al-Youm",Confirmed,"Dangerous Assignment",https://cpj.org/data/people/mohamed-jamal-sobhi-al-thalathini/
"Mohamed Khalifeh",Killed,"December 22, 2023","Israel and the Occupied Palestinian Territory","Al Aqsa TV",Confirmed,,https://cpj.org/data/people/mohamed-khalifeh/
"Mohamed Manhal Abu Armana",Killed,"July 13, 2024","Israel and the Occupied Palestinian Territory","Palestine Now",Confirmed,"Dangerous Assignment",https://cpj.org/data/people/mohamed-manhal-abu-armana/
"Mohamed Meshmesh",Killed,"July 15, 2024","Israel and the Occupied Palestinian Territory","Al-Aqsa Voice Radio",Confirmed,"Dangerous Assignment",https://cpj.org/data/people/mohamed-meshmesh/
"Mohamed Mouin Ayyash",Killed,"November 23, 2023","Israel and the Occupied Palestinian Territory",Freelance,Confirmed,"Dangerous Assignment",https://cpj.org/data/people/mohamed-mouin-ayyash/
"Mohamed Nabil Al-Zaq",Killed,"November 22, 2023","Israel and the Occupied Palestinian Territory","Al Quds",Confirmed,"Dangerous Assignment",https://cpj.org/data/people/mohamed-nabil-al-zaq/
"Mohamed Naser Abu Huwaidi",Killed,"December 23, 2023","Israel and the Occupied Palestinian Territory",Al-Istiklal,Confirmed,"Dangerous Assignment",https://cpj.org/data/people/mohamed-naser-abu-huwaidi/
"Mohamed Yaghi",Killed,"February 23, 2024","Israel and the Occupied Palestinian Territory",Freelance,Confirmed,"Dangerous Assignment",https://cpj.org/data/people/mohamed-yaghi/
"Mohammad al-Khaldi",Killed,"August 10, 2025","Israel and the Occupied Palestinian Territory",Freelance,Confirmed,Murder,https://cpj.org/data/people/mohammad-al-khaldi/
"Mohammad Balousha",Killed,"October 17, 2023","Israel and the Occupied Palestinian Territory","Palestine Today",Confirmed,"Dangerous Assignment",https://cpj.org/data/people/mohammad-balousha/
"Mohammad Jarghoun",Killed,"October 7, 2023","Israel and the Occupied Palestinian Territory","Smart Media",Confirmed,"Dangerous Assignment",https://cpj.org/data/people/mohammad-jarghoun/
"Mohammed Abed Rabbo",Killed,"August 27, 2024","Israel and the Occupied Palestinian Territory","Al-Manara Agency",Confirmed,"Dangerous Assignment",https://cpj.org/data/people/mohammed-abed-rabbo/
"Mohammed Abu Daqqa",Killed,"July 29, 2024","Israel and the Occupied Palestinian Territory","Freelance, Al-Hadath",Confirmed,"Dangerous Assignment",https://cpj.org/data/people/mohammed-abu-daqqa/
"Mohammed Abu Hatab",Killed,"November 2, 2023","Israel and the Occupied Palestinian Territory","Palestine TV",Confirmed,"Dangerous Assignment",https://cpj.org/data/people/mohammed-abu-hatab/
"Mohammed Abu Jasser",Killed,"July 20, 2024","Israel and the Occupied Palestinian Territory","Al-Risala, Felesteen",Confirmed,"Dangerous Assignment",https://cpj.org/data/people/mohammed-abu-jasser/
"Mohammed Abu Sharia",Killed,"July 1, 2024","Israel and the Occupied Palestinian Territory","Shams News Agency",Confirmed,"Dangerous Assignment",https://cpj.org/data/people/mohammed-abu-sharia/
"Mohammed Al Kuaifi",Killed,"September 15, 2025","Israel and the Occupied Palestinian Territory","Safa News Agency",Confirmed,"Dangerous Assignment",https://cpj.org/data/people/mohammed-al-kuaifi/
"Mohammed Al Qrinawi",Killed,"December 14, 2024","Israel and the Occupied Palestinian Territory","Snd News Agency",Confirmed,"Dangerous Assignment",https://cpj.org/data/people/mohammed-al-qrinawi/
"Mohammed Al-Ladaa",Killed,"December 26, 2024","Israel and the Occupied Palestinian Territory","Al Quds Al-Youm",Confirmed,Murder,https://cpj.org/data/people/mohammed-al-ladaa/
"Mohammed Al-Sakani",Killed,"July 4, 2024","Israel and the Occupied Palestinian Territory","Al-Quds Al-Youm",Confirmed,,https://cpj.org/data/people/mohammed-al-sakani/
"Mohammed Al-Salhi",Killed,"October 7, 2023","Israel and the Occupied Palestinian Territory","Fourth Authority news agency",Confirmed,"Dangerous Assignment",https://cpj.org/data/people/mohammed-al-salhi/
"Mohammed Al-Sharafi",Killed,"December 18, 2024","Israel and the Occupied Palestinian Territory",Freelance,Confirmed,"Dangerous Assignment",https://cpj.org/data/people/mohammed-al-sharafi/
"Mohammed Al-Talmas",Killed,"January 14, 2025","Israel and the Occupied Palestinian Territory","Safa News Agency",Confirmed,"Dangerous Assignment",https://cpj.org/data/people/mohammed-al-talmas/
"Mohammed Al-Tanani",Killed,"October 9, 2024","Israel and the Occupied Palestinian Territory","Al-Aqsa TV",Confirmed,"Dangerous Assignment",https://cpj.org/data/people/mohammed-al-tanani/
"Mohammed Alaa Al-Sawalhi",Killed,"September 17, 2025","Israel and the Occupied Palestinian Territory","Al-Quds Al-Youm TV",Confirmed,"Dangerous Assignment",https://cpj.org/data/people/mohammed-alaa-al-sawalhi/
"Mohammed Ali",Killed,"October 20, 2023","Israel and the Occupied Palestinian Territory","Al-Shabab Radio (Youth Radio)",Confirmed,"Dangerous Assignment",https://cpj.org/data/people/mohammed-ali/
"Mohammed Atallah",Killed,"January 29, 2024","Israel and the Occupied Palestinian Territory","Al-Resalah,Raseef22",Confirmed,"Dangerous Assignment",https://cpj.org/data/people/mohammed-atallah/
"Mohammed Balousha",Killed,"December 14, 2024","Israel and the Occupied Palestinian Territory","Al Mashhad Media",Confirmed,"Dangerous Assignment",https://cpj.org/data/people/mohamed-balousha/
"Mohammed Bassam Al Jamal",Killed,"April 25, 2024","Israel and the Occupied Palestinian Territory","Palestine Now",Confirmed,"Dangerous Assignment",https://cpj.org/data/people/mohammed-al-jamal/
"Mohammed Imad Labad",Killed,"October 23, 2023","Israel and the Occupied Palestinian Territory","Al Resalah",Confirmed,"Dangerous Assignment",https://cpj.org/data/people/mohammed-imad-labad/
"Mohammed Issa Abu Saada",Killed,"August 6, 2024","Israel and the Occupied Palestinian Territory",Freelance,Confirmed,"Dangerous Assignment",https://cpj.org/data/people/mohammed-issa-abu-saada/
"Mohammed Mansour",Killed,"March 24, 2025","Israel and the Occupied Palestinian Territory",Freelance,Confirmed,"Dangerous Assignment",https://cpj.org/data/people/mohammed-mansour/
"Mohammed Noufal",Killed,"August 10, 2025","Israel and the Occupied Palestinian Territory","Al Jazeera",Confirmed,Murder,https://cpj.org/data/people/mohammed-noufal/
"Mohammed Qreiqeh",Killed,"August 10, 2025","Israel and the Occupied Palestinian Territory","Al Jazeera",Confirmed,Murder,https://cpj.org/data/people/mohammed-qreiqeh/
"Mohammed Salama",Killed,"August 25, 2025","Israel and the Occupied Palestinian Territory","Al Jazeera",Confirmed,Unknown,https://cpj.org/data/people/mohammed-salama/
"Mohammed Sobh",Killed,"October 9, 2023","Israel and the Occupied Palestinian Territory","“Khabar” News Agency",Confirmed,"Dangerous Assignment",https://cpj.org/data/people/mohammed-sobh/
"Montaser Al-Sawaf",Killed,"December 1, 2023","Israel and the Occupied Palestinian Territory","Anadolu Agency",Confirmed,"Dangerous Assignment",https://cpj.org/data/people/montaser-al-sawaf/
"Mossab Ashour",Killed,"November 18, 2023","Israel and the Occupied Palestinian Territory",Freelance,Confirmed,"Dangerous Assignment",https://cpj.org/data/people/mossab-ashour/
"Mostafa Al Sawaf",Killed,"November 18, 2023","Israel and the Occupied Palestinian Territory","MSDR News",Confirmed,"Dangerous Assignment",https://cpj.org/data/people/mostafa-al-sawaf/
"Mostafa Bakeer",Killed,"November 24, 2023","Israel and the Occupied Palestinian Territory","Al Aqsa TV",Confirmed,"Dangerous Assignment",https://cpj.org/data/people/mostafa-bakeer/
"Moussa Al-Borsh",Killed,"November 12, 2023","Israel and the Occupied Palestinian Territory","Namaa Radio",Confirmed,"Dangerous Assignment",https://cpj.org/data/people/moussa-al-borsh/
"Muhammad Salama",Killed,"March 5, 2024","Israel and the Occupied Palestinian Territory","Al Aqsa TV",Confirmed,"Dangerous Assignment",https://cpj.org/data/people/muhammad-salama/
"Mustafa Ayyad",Killed,"May 6, 2024","Israel and the Occupied Palestinian Territory","Freelance,Al Jazeera",Confirmed,"Dangerous Assignment",https://cpj.org/data/people/mustafa-ayyad/
"Mustafa Bahr",Killed,"March 31, 2024","Israel and the Occupied Palestinian Territory","Palestine Breaking News",Confirmed,"Dangerous Assignment",https://cpj.org/data/people/mustafa-bahr/
"Mustafa Thuraya",Killed,"January 7, 2024","Israel and the Occupied Palestinian Territory",Freelance,Confirmed,Murder,https://cpj.org/data/people/mustafa-thuraya/
"Nadia Emad Al Sayed",Killed,"October 27, 2024","Israel and the Occupied Palestinian Territory",Freelance,Confirmed,"Dangerous Assignment",https://cpj.org/data/people/nadia-emad-al-sayed/
"Nafez Abdel Jawad",Killed,"February 8, 2024","Israel and the Occupied Palestinian Territory","Palestine TV",Confirmed,"Dangerous Assignment",https://cpj.org/data/people/nafez-abdel-jawad/
"Nazmi Al-Nadim",Killed,"October 30, 2023","Israel and the Occupied Palestinian Territory","Palestine TV",Confirmed,,https://cpj.org/data/people/nazmi-al-nadim/
"Nour Abu Oweimer",Killed,"October 3, 2024","Israel and the Occupied Palestinian Territory",Freelance,Confirmed,"Dangerous Assignment",https://cpj.org/data/people/nour-abu-oweimer/
"Noureddine Abdo",Killed,"May 7, 2025","Israel and the Occupied Palestinian Territory",Freelance,Confirmed,"Dangerous Assignment",https://cpj.org/data/people/noureddine-abdo/
"Ola Al Dahdouh",Killed,"May 31, 2024","Israel and the Occupied Palestinian Territory","Sawt al Watan",Confirmed,"Dangerous Assignment",https://cpj.org/data/people/ola-al-dahdouh/
"Ola Atallah",Killed,"December 9, 2023","Israel and the Occupied Palestinian Territory",Freelance,Confirmed,"Dangerous Assignment",https://cpj.org/data/people/ola-atallah/
"Omar Al Dirawi",Killed,"January 3, 2025","Israel and the Occupied Palestinian Territory","Fourth Estate",Confirmed,"Dangerous Assignment",https://cpj.org/data/people/omar-al-dirawi/
"Osama Balousha",Killed,"September 7, 2025","Israel and the Occupied Palestinian Territory","Siraj Media Network",Confirmed,"Dangerous Assignment",https://cpj.org/data/people/osama-balousha/
"Rami Al Refee",Killed,"July 31, 2024","Israel and the Occupied Palestinian Territory",Freelance,Confirmed,Murder,https://cpj.org/data/people/rami-al-refee/
"Rasheed Albably",Killed,"June 6, 2024","Israel and the Occupied Palestinian Territory",Freelance,Confirmed,"Dangerous Assignment",https://cpj.org/data/people/rasheed-albably/
"Rasmi Jihad Salem",Killed,"September 2, 2025","Israel and the Occupied Palestinian Territory","Al-Manara TV Production Company",Confirmed,"Dangerous Assignment",https://cpj.org/data/people/rasmi-jihad-salem/
"Rizq Abu Shakian",Killed,"July 6, 2024","Israel and the Occupied Palestinian Territory","Palestine Now",Confirmed,,https://cpj.org/data/people/rizq-abu-shakian/
"Rizq Al-Gharabli",Killed,"February 6, 2024","Israel and the Occupied Palestinian Territory","Palestinian Information Center",Confirmed,"Dangerous Assignment",https://cpj.org/data/people/rizq-al-gharabli/
"Roee Idan",Killed,"October 20, 2023","Israel and the Occupied Palestinian Territory",Ynet,Confirmed,"Dangerous Assignment",https://cpj.org/data/people/roee-idan/
"Roshdi Sarraj",Killed,"October 22, 2023","Israel and the Occupied Palestinian Territory","Ain Media",Confirmed,"Dangerous Assignment",https://cpj.org/data/people/roshdi-sarraj/
"Saadi Madoukh",Killed,"July 5, 2024","Israel and the Occupied Palestinian Territory",Freelance,Confirmed,"Dangerous Assignment",https://cpj.org/data/people/saadi-madoukh/
"Saed Abu Nabhan",Killed,"January 10, 2025","Israel and the Occupied Palestinian Territory",Freelance,Confirmed,"Dangerous Assignment",https://cpj.org/data/people/saed-abu-nabhan/
"Saed Al-Halabi",Killed,"October 25, 2023","Israel and the Occupied Palestinian Territory","Al-Aqsa TV",Confirmed,"Dangerous Assignment",https://cpj.org/data/people/saed-al-halabi/
"Saed Radwan",Killed,"October 27, 2024","Israel and the Occupied Palestinian Territory","Al-Aqsa TV",Confirmed,"Dangerous Assignment",https://cpj.org/data/people/saed-radwan/
"Saeed al-Taweel",Killed,"October 9, 2023","Israel and the Occupied Palestinian Territory","Al-Khamsa News",Confirmed,"Dangerous Assignment",https://cpj.org/data/people/saeed-al-taweel/
"Saher Akram Rayan",Killed,"March 25, 2024","Israel and the Occupied Palestinian Territory",WAFA,Confirmed,"Dangerous Assignment",https://cpj.org/data/people/saher-akram-rayan/
"Salam Mema",Killed,"October 13, 2023","Israel and the Occupied Palestinian Territory","Palestinian Media Assembly",Confirmed,"Dangerous Assignment",https://cpj.org/data/people/salam-mema/
"Salem Abu Toyour",Killed,"April 29, 2024","Israel and the Occupied Palestinian Territory","Al-Quds Al-Youm",Confirmed,,https://cpj.org/data/people/salem-abu-toyour/
"Sameeh Al-Nady",Killed,"October 18, 2023","Israel and the Occupied Palestinian Territory","Al-Aqsa TV",Confirmed,"Dangerous Assignment",https://cpj.org/data/people/sameeh-al-nady/
"Samer Abu Daqqa",Killed,"December 15, 2023","Israel and the Occupied Palestinian Territory","Al-Jazeera Arabic",Confirmed,"Dangerous Assignment",https://cpj.org/data/people/samer-abu-daqqa/
"Sari Mansour",Killed,"November 18, 2023","Israel and the Occupied Palestinian Territory","Quds News Network",Confirmed,"Dangerous Assignment",https://cpj.org/data/people/sari-mansour/
"Shaima El-Gazzar",Killed,"December 3, 2023","Israel and the Occupied Palestinian Territory","Al-Majedat network",Confirmed,"Dangerous Assignment",https://cpj.org/data/people/shaima-el-gazzar/
"Shareef Okasha",Killed,"January 10, 2024","Israel and the Occupied Palestinian Territory",Freelance,Confirmed,"Dangerous Assignment",https://cpj.org/data/people/shareef-okasha/
"Suleiman Hajjaj",Killed,"June 5, 2025","Israel and the Occupied Palestinian Territory","Palestine Today TV",Confirmed,Murder,https://cpj.org/data/people/suleiman-hajjaj/
"Tamim Abu Muammar",Killed,"August 9, 2024","Israel and the Occupied Palestinian Territory","Palestinian Broadcasting Corporation",Confirmed,"Dangerous Assignment",https://cpj.org/data/people/tamim-abu-muammar/
"Tarek El Sayed Abu Skheil",Killed,"March 18, 2024","Israel and the Occupied Palestinian Territory","Al Quds",Confirmed,"Dangerous Assignment",https://cpj.org/data/people/tarek-el-sayed-abu-skheil/
"Tareq AlSalhi",Killed,"October 15, 2024","Israel and the Occupied Palestinian Territory","Gaza Live network",Confirmed,"Dangerous Assignment",https://cpj.org/data/people/tareq-alsalhi/
"Tariq Al-Maidna",Killed,"January 29, 2024","Israel and the Occupied Palestinian Territory",Freelance,Confirmed,"Dangerous Assignment",https://cpj.org/data/people/tariq-al-maidna/
"Tasneem Bkheet",Killed,"October 24, 2023","Israel and the Occupied Palestinian Territory",Al-Saada,Confirmed,"Dangerous Assignment",https://cpj.org/data/people/tasneem-bkheet/
"Wafa Al-Udaini",Killed,"September 29, 2024","Israel and the Occupied Palestinian Territory",Freelance,Confirmed,"Dangerous Assignment",https://cpj.org/data/people/wafa-al-udaini/
"Wafaa Abu Dabaan",Killed,"July 6, 2024","Israel and the Occupied Palestinian Territory",Freelance,Confirmed,"Dangerous Assignment",https://cpj.org/data/people/wafaa-abu-dabaan/
"Yacoup Al-Borsh",Killed,"November 13, 2023","Israel and the Occupied Palestinian Territory","Namaa Radio",Confirmed,"Dangerous Assignment",https://cpj.org/data/people/yacoup-al-borsh/
"Yahya Abu Manih",Killed,"November 7, 2023","Israel and the Occupied Palestinian Territory","Al-Aqsa Voice Radio",Confirmed,"Dangerous Assignment",https://cpj.org/data/people/yahya-abu-manih/
"Yahya Sobeih",Killed,"May 7, 2025","Israel and the Occupied Palestinian Territory",Freelance,Confirmed,"Dangerous Assignment",https://cpj.org/data/people/yahya-sobeih/
"Yaniv Zohar",Killed,"October 7, 2023","Israel and the Occupied Palestinian Territory","Israel Hayom",Confirmed,"Dangerous Assignment",https://cpj.org/data/people/yaniv-zohar/
"Yasser Abu Namous",Killed,"October 27, 2023","Israel and the Occupied Palestinian Territory",Al-Sahel,Confirmed,"Dangerous Assignment",https://cpj.org/data/people/yasser-abu-namous/
"Yasser Mamdouh El-Fady",Killed,"February 11, 2024","Israel and the Occupied Palestinian Territory","Kan'an news agency",Confirmed,"Dangerous Assignment",https://cpj.org/data/people/yasser-mamdouh-el-fady/
"Yazan al-Zuweidi",Killed,"January 14, 2024","Israel and the Occupied Palestinian Territory",Al-Ghad,Confirmed,"Dangerous Assignment",https://cpj.org/data/people/yazan-al-zuweidi/
"Yousef Maher Dawas",Killed,"October 14, 2023","Israel and the Occupied Palestinian Territory",Freelance,Confirmed,"Dangerous Assignment",https://cpj.org/data/people/yousef-maher-dawas/
"Zahraa Abu Skheil",Killed,"November 9, 2024","Israel and the Occupied Palestinian Territory",Freelance,Confirmed,"Dangerous Assignment",https://cpj.org/data/people/zahraa-abu-skheil/
"Zayd Abu Zayed",Killed,"February 15, 2024","Israel and the Occupied Palestinian Territory","Quran Radio",Confirmed,"Dangerous Assignment",https://cpj.org/data/people/zayd-abu-zayed/
